Name,Sequence
ddlA_40L_TTA_52S_TCT,catcatggtctcctatggaaaaactgcgggtaggaatcgtttttggtggtaaatcagcggaacatgaagtgtctctgcaatcggcaaaaaacattgtcgatgccattgataaaagtcgcttcgacgttgtgttactgggcattgataaacaagggcaatggcacgtctctgatgccagcaattatctgctaaatgcagacgatcctgcccatattgcgttgcgcccttcggcgaccagccttgcgcaggtgccaggtaaacatgagcatcagcttatcgacgcgcaaaacggtcagccgttgccgacggtggatgtcattttcccgattgtccacggtacgctgggcgaagatggttccttgcagggaatgctgcgggtcgccaatttaccgtttgtaggttctgatgttctggcttcagcagcctgtatggacaaagatgtcaccaaacgtctgctacgcgatgccgggctgaacattgcgccatttattaccctgacgcgcgccaatcgtcacaacattagttttgccgaagtggagtctaaactggggttaccactgtttgtaaaaccggctaatcagggctcttctgttggtgtcagcaaagtaaccagtgaagaacagtacgcaattgccgtcgatctggcgttcgagttcgatcataaagtgatcgttgagcaagggatcaaaggtcgtgagatcgaatgcgcagttctgggcaacgacaatccgcaagccagcacctgtggagagatcgtactcaccagcgatttctatgcctacgacaccaagtacattgacgaagatggcgcgaaagtggtagttccggcagccattgcgccagaaatcaacgataagatccgggcgattgccgttcaggcttatcaaacgttgggatgcgcaggcatggcgcgtgtagacgtgtttttaaccccagagaacgaagtggtgatcaacgagatcaacaccctgcctggcttcactaatatcagtatgtatccgaagctgtggcaagccagcggtctgggttacaccgatctgatcacacgtttgattgaactggcgctggagcgtcacgctgcggataacgcattgaaaaccacaatggcggccgagaccgtagcc
ddlA_40L_TTA_52S_TCC,catcatggtctcctatggaaaaactgcgggtaggaatcgtttttggtggtaaatcagcggaacatgaagtgtctctgcaatcggcaaaaaacattgtcgatgccattgataaaagtcgcttcgacgttgtgttactgggcattgataaacaagggcaatggcacgtctccgatgccagcaattatctgctaaatgcagacgatcctgcccatattgcgttgcgcccttcggcgaccagccttgcgcaggtgccaggtaaacatgagcatcagcttatcgacgcgcaaaacggtcagccgttgccgacggtggatgtcattttcccgattgtccacggtacgctgggcgaagatggttccttgcagggaatgctgcgggtcgccaatttaccgtttgtaggttctgatgttctggcttcagcagcctgtatggacaaagatgtcaccaaacgtctgctacgcgatgccgggctgaacattgcgccatttattaccctgacgcgcgccaatcgtcacaacattagttttgccgaagtggagtctaaactggggttaccactgtttgtaaaaccggctaatcagggctcttctgttggtgtcagcaaagtaaccagtgaagaacagtacgcaattgccgtcgatctggcgttcgagttcgatcataaagtgatcgttgagcaagggatcaaaggtcgtgagatcgaatgcgcagttctgggcaacgacaatccgcaagccagcacctgtggagagatcgtactcaccagcgatttctatgcctacgacaccaagtacattgacgaagatggcgcgaaagtggtagttccggcagccattgcgccagaaatcaacgataagatccgggcgattgccgttcaggcttatcaaacgttgggatgcgcaggcatggcgcgtgtagacgtgtttttaaccccagagaacgaagtggtgatcaacgagatcaacaccctgcctggcttcactaatatcagtatgtatccgaagctgtggcaagccagcggtctgggttacaccgatctgatcacacgtttgattgaactggcgctggagcgtcacgctgcggataacgcattgaaaaccacaatggcggccgagaccgtagcc
ddlA_40L_TTA_52S_TCA,catcatggtctcctatggaaaaactgcgggtaggaatcgtttttggtggtaaatcagcggaacatgaagtgtctctgcaatcggcaaaaaacattgtcgatgccattgataaaagtcgcttcgacgttgtgttactgggcattgataaacaagggcaatggcacgtctcagatgccagcaattatctgctaaatgcagacgatcctgcccatattgcgttgcgcccttcggcgaccagccttgcgcaggtgccaggtaaacatgagcatcagcttatcgacgcgcaaaacggtcagccgttgccgacggtggatgtcattttcccgattgtccacggtacgctgggcgaagatggttccttgcagggaatgctgcgggtcgccaatttaccgtttgtaggttctgatgttctggcttcagcagcctgtatggacaaagatgtcaccaaacgtctgctacgcgatgccgggctgaacattgcgccatttattaccctgacgcgcgccaatcgtcacaacattagttttgccgaagtggagtctaaactggggttaccactgtttgtaaaaccggctaatcagggctcttctgttggtgtcagcaaagtaaccagtgaagaacagtacgcaattgccgtcgatctggcgttcgagttcgatcataaagtgatcgttgagcaagggatcaaaggtcgtgagatcgaatgcgcagttctgggcaacgacaatccgcaagccagcacctgtggagagatcgtactcaccagcgatttctatgcctacgacaccaagtacattgacgaagatggcgcgaaagtggtagttccggcagccattgcgccagaaatcaacgataagatccgggcgattgccgttcaggcttatcaaacgttgggatgcgcaggcatggcgcgtgtagacgtgtttttaaccccagagaacgaagtggtgatcaacgagatcaacaccctgcctggcttcactaatatcagtatgtatccgaagctgtggcaagccagcggtctgggttacaccgatctgatcacacgtttgattgaactggcgctggagcgtcacgctgcggataacgcattgaaaaccacaatggcggccgagaccgtagcc
ddlA_40L_TTA_52S_TCG,catcatggtctcctatggaaaaactgcgggtaggaatcgtttttggtggtaaatcagcggaacatgaagtgtctctgcaatcggcaaaaaacattgtcgatgccattgataaaagtcgcttcgacgttgtgttactgggcattgataaacaagggcaatggcacgtctcggatgccagcaattatctgctaaatgcagacgatcctgcccatattgcgttgcgcccttcggcgaccagccttgcgcaggtgccaggtaaacatgagcatcagcttatcgacgcgcaaaacggtcagccgttgccgacggtggatgtcattttcccgattgtccacggtacgctgggcgaagatggttccttgcagggaatgctgcgggtcgccaatttaccgtttgtaggttctgatgttctggcttcagcagcctgtatggacaaagatgtcaccaaacgtctgctacgcgatgccgggctgaacattgcgccatttattaccctgacgcgcgccaatcgtcacaacattagttttgccgaagtggagtctaaactggggttaccactgtttgtaaaaccggctaatcagggctcttctgttggtgtcagcaaagtaaccagtgaagaacagtacgcaattgccgtcgatctggcgttcgagttcgatcataaagtgatcgttgagcaagggatcaaaggtcgtgagatcgaatgcgcagttctgggcaacgacaatccgcaagccagcacctgtggagagatcgtactcaccagcgatttctatgcctacgacaccaagtacattgacgaagatggcgcgaaagtggtagttccggcagccattgcgccagaaatcaacgataagatccgggcgattgccgttcaggcttatcaaacgttgggatgcgcaggcatggcgcgtgtagacgtgtttttaaccccagagaacgaagtggtgatcaacgagatcaacaccctgcctggcttcactaatatcagtatgtatccgaagctgtggcaagccagcggtctgggttacaccgatctgatcacacgtttgattgaactggcgctggagcgtcacgctgcggataacgcattgaaaaccacaatggcggccgagaccgtagcc
ddlA_40L_TTA_52S_AGT,catcatggtctcctatggaaaaactgcgggtaggaatcgtttttggtggtaaatcagcggaacatgaagtgtctctgcaatcggcaaaaaacattgtcgatgccattgataaaagtcgcttcgacgttgtgttactgggcattgataaacaagggcaatggcacgtcagtgatgccagcaattatctgctaaatgcagacgatcctgcccatattgcgttgcgcccttcggcgaccagccttgcgcaggtgccaggtaaacatgagcatcagcttatcgacgcgcaaaacggtcagccgttgccgacggtggatgtcattttcccgattgtccacggtacgctgggcgaagatggttccttgcagggaatgctgcgggtcgccaatttaccgtttgtaggttctgatgttctggcttcagcagcctgtatggacaaagatgtcaccaaacgtctgctacgcgatgccgggctgaacattgcgccatttattaccctgacgcgcgccaatcgtcacaacattagttttgccgaagtggagtctaaactggggttaccactgtttgtaaaaccggctaatcagggctcttctgttggtgtcagcaaagtaaccagtgaagaacagtacgcaattgccgtcgatctggcgttcgagttcgatcataaagtgatcgttgagcaagggatcaaaggtcgtgagatcgaatgcgcagttctgggcaacgacaatccgcaagccagcacctgtggagagatcgtactcaccagcgatttctatgcctacgacaccaagtacattgacgaagatggcgcgaaagtggtagttccggcagccattgcgccagaaatcaacgataagatccgggcgattgccgttcaggcttatcaaacgttgggatgcgcaggcatggcgcgtgtagacgtgtttttaaccccagagaacgaagtggtgatcaacgagatcaacaccctgcctggcttcactaatatcagtatgtatccgaagctgtggcaagccagcggtctgggttacaccgatctgatcacacgtttgattgaactggcgctggagcgtcacgctgcggataacgcattgaaaaccacaatggcggccgagaccgtagcc
ddlA_40L_TTG_52S_TCT,catcatggtctcctatggaaaaactgcgggtaggaatcgtttttggtggtaaatcagcggaacatgaagtgtctctgcaatcggcaaaaaacattgtcgatgccattgataaaagtcgcttcgacgttgtgttgctgggcattgataaacaagggcaatggcacgtctctgatgccagcaattatctgctaaatgcagacgatcctgcccatattgcgttgcgcccttcggcgaccagccttgcgcaggtgccaggtaaacatgagcatcagcttatcgacgcgcaaaacggtcagccgttgccgacggtggatgtcattttcccgattgtccacggtacgctgggcgaagatggttccttgcagggaatgctgcgggtcgccaatttaccgtttgtaggttctgatgttctggcttcagcagcctgtatggacaaagatgtcaccaaacgtctgctacgcgatgccgggctgaacattgcgccatttattaccctgacgcgcgccaatcgtcacaacattagttttgccgaagtggagtctaaactggggttaccactgtttgtaaaaccggctaatcagggctcttctgttggtgtcagcaaagtaaccagtgaagaacagtacgcaattgccgtcgatctggcgttcgagttcgatcataaagtgatcgttgagcaagggatcaaaggtcgtgagatcgaatgcgcagttctgggcaacgacaatccgcaagccagcacctgtggagagatcgtactcaccagcgatttctatgcctacgacaccaagtacattgacgaagatggcgcgaaagtggtagttccggcagccattgcgccagaaatcaacgataagatccgggcgattgccgttcaggcttatcaaacgttgggatgcgcaggcatggcgcgtgtagacgtgtttttaaccccagagaacgaagtggtgatcaacgagatcaacaccctgcctggcttcactaatatcagtatgtatccgaagctgtggcaagccagcggtctgggttacaccgatctgatcacacgtttgattgaactggcgctggagcgtcacgctgcggataacgcattgaaaaccacaatggcggccgagaccgtagcc
ddlA_40L_TTG_52S_TCC,catcatggtctcctatggaaaaactgcgggtaggaatcgtttttggtggtaaatcagcggaacatgaagtgtctctgcaatcggcaaaaaacattgtcgatgccattgataaaagtcgcttcgacgttgtgttgctgggcattgataaacaagggcaatggcacgtctccgatgccagcaattatctgctaaatgcagacgatcctgcccatattgcgttgcgcccttcggcgaccagccttgcgcaggtgccaggtaaacatgagcatcagcttatcgacgcgcaaaacggtcagccgttgccgacggtggatgtcattttcccgattgtccacggtacgctgggcgaagatggttccttgcagggaatgctgcgggtcgccaatttaccgtttgtaggttctgatgttctggcttcagcagcctgtatggacaaagatgtcaccaaacgtctgctacgcgatgccgggctgaacattgcgccatttattaccctgacgcgcgccaatcgtcacaacattagttttgccgaagtggagtctaaactggggttaccactgtttgtaaaaccggctaatcagggctcttctgttggtgtcagcaaagtaaccagtgaagaacagtacgcaattgccgtcgatctggcgttcgagttcgatcataaagtgatcgttgagcaagggatcaaaggtcgtgagatcgaatgcgcagttctgggcaacgacaatccgcaagccagcacctgtggagagatcgtactcaccagcgatttctatgcctacgacaccaagtacattgacgaagatggcgcgaaagtggtagttccggcagccattgcgccagaaatcaacgataagatccgggcgattgccgttcaggcttatcaaacgttgggatgcgcaggcatggcgcgtgtagacgtgtttttaaccccagagaacgaagtggtgatcaacgagatcaacaccctgcctggcttcactaatatcagtatgtatccgaagctgtggcaagccagcggtctgggttacaccgatctgatcacacgtttgattgaactggcgctggagcgtcacgctgcggataacgcattgaaaaccacaatggcggccgagaccgtagcc
ddlA_40L_TTG_52S_TCA,catcatggtctcctatggaaaaactgcgggtaggaatcgtttttggtggtaaatcagcggaacatgaagtgtctctgcaatcggcaaaaaacattgtcgatgccattgataaaagtcgcttcgacgttgtgttgctgggcattgataaacaagggcaatggcacgtctcagatgccagcaattatctgctaaatgcagacgatcctgcccatattgcgttgcgcccttcggcgaccagccttgcgcaggtgccaggtaaacatgagcatcagcttatcgacgcgcaaaacggtcagccgttgccgacggtggatgtcattttcccgattgtccacggtacgctgggcgaagatggttccttgcagggaatgctgcgggtcgccaatttaccgtttgtaggttctgatgttctggcttcagcagcctgtatggacaaagatgtcaccaaacgtctgctacgcgatgccgggctgaacattgcgccatttattaccctgacgcgcgccaatcgtcacaacattagttttgccgaagtggagtctaaactggggttaccactgtttgtaaaaccggctaatcagggctcttctgttggtgtcagcaaagtaaccagtgaagaacagtacgcaattgccgtcgatctggcgttcgagttcgatcataaagtgatcgttgagcaagggatcaaaggtcgtgagatcgaatgcgcagttctgggcaacgacaatccgcaagccagcacctgtggagagatcgtactcaccagcgatttctatgcctacgacaccaagtacattgacgaagatggcgcgaaagtggtagttccggcagccattgcgccagaaatcaacgataagatccgggcgattgccgttcaggcttatcaaacgttgggatgcgcaggcatggcgcgtgtagacgtgtttttaaccccagagaacgaagtggtgatcaacgagatcaacaccctgcctggcttcactaatatcagtatgtatccgaagctgtggcaagccagcggtctgggttacaccgatctgatcacacgtttgattgaactggcgctggagcgtcacgctgcggataacgcattgaaaaccacaatggcggccgagaccgtagcc
ddlA_40L_TTG_52S_TCG,catcatggtctcctatggaaaaactgcgggtaggaatcgtttttggtggtaaatcagcggaacatgaagtgtctctgcaatcggcaaaaaacattgtcgatgccattgataaaagtcgcttcgacgttgtgttgctgggcattgataaacaagggcaatggcacgtctcggatgccagcaattatctgctaaatgcagacgatcctgcccatattgcgttgcgcccttcggcgaccagccttgcgcaggtgccaggtaaacatgagcatcagcttatcgacgcgcaaaacggtcagccgttgccgacggtggatgtcattttcccgattgtccacggtacgctgggcgaagatggttccttgcagggaatgctgcgggtcgccaatttaccgtttgtaggttctgatgttctggcttcagcagcctgtatggacaaagatgtcaccaaacgtctgctacgcgatgccgggctgaacattgcgccatttattaccctgacgcgcgccaatcgtcacaacattagttttgccgaagtggagtctaaactggggttaccactgtttgtaaaaccggctaatcagggctcttctgttggtgtcagcaaagtaaccagtgaagaacagtacgcaattgccgtcgatctggcgttcgagttcgatcataaagtgatcgttgagcaagggatcaaaggtcgtgagatcgaatgcgcagttctgggcaacgacaatccgcaagccagcacctgtggagagatcgtactcaccagcgatttctatgcctacgacaccaagtacattgacgaagatggcgcgaaagtggtagttccggcagccattgcgccagaaatcaacgataagatccgggcgattgccgttcaggcttatcaaacgttgggatgcgcaggcatggcgcgtgtagacgtgtttttaaccccagagaacgaagtggtgatcaacgagatcaacaccctgcctggcttcactaatatcagtatgtatccgaagctgtggcaagccagcggtctgggttacaccgatctgatcacacgtttgattgaactggcgctggagcgtcacgctgcggataacgcattgaaaaccacaatggcggccgagaccgtagcc
ddlA_40L_TTG_52S_AGT,catcatggtctcctatggaaaaactgcgggtaggaatcgtttttggtggtaaatcagcggaacatgaagtgtctctgcaatcggcaaaaaacattgtcgatgccattgataaaagtcgcttcgacgttgtgttgctgggcattgataaacaagggcaatggcacgtcagtgatgccagcaattatctgctaaatgcagacgatcctgcccatattgcgttgcgcccttcggcgaccagccttgcgcaggtgccaggtaaacatgagcatcagcttatcgacgcgcaaaacggtcagccgttgccgacggtggatgtcattttcccgattgtccacggtacgctgggcgaagatggttccttgcagggaatgctgcgggtcgccaatttaccgtttgtaggttctgatgttctggcttcagcagcctgtatggacaaagatgtcaccaaacgtctgctacgcgatgccgggctgaacattgcgccatttattaccctgacgcgcgccaatcgtcacaacattagttttgccgaagtggagtctaaactggggttaccactgtttgtaaaaccggctaatcagggctcttctgttggtgtcagcaaagtaaccagtgaagaacagtacgcaattgccgtcgatctggcgttcgagttcgatcataaagtgatcgttgagcaagggatcaaaggtcgtgagatcgaatgcgcagttctgggcaacgacaatccgcaagccagcacctgtggagagatcgtactcaccagcgatttctatgcctacgacaccaagtacattgacgaagatggcgcgaaagtggtagttccggcagccattgcgccagaaatcaacgataagatccgggcgattgccgttcaggcttatcaaacgttgggatgcgcaggcatggcgcgtgtagacgtgtttttaaccccagagaacgaagtggtgatcaacgagatcaacaccctgcctggcttcactaatatcagtatgtatccgaagctgtggcaagccagcggtctgggttacaccgatctgatcacacgtttgattgaactggcgctggagcgtcacgctgcggataacgcattgaaaaccacaatggcggccgagaccgtagcc
ddlA_40L_CTT_52S_TCT,catcatggtctcctatggaaaaactgcgggtaggaatcgtttttggtggtaaatcagcggaacatgaagtgtctctgcaatcggcaaaaaacattgtcgatgccattgataaaagtcgcttcgacgttgtgcttctgggcattgataaacaagggcaatggcacgtctctgatgccagcaattatctgctaaatgcagacgatcctgcccatattgcgttgcgcccttcggcgaccagccttgcgcaggtgccaggtaaacatgagcatcagcttatcgacgcgcaaaacggtcagccgttgccgacggtggatgtcattttcccgattgtccacggtacgctgggcgaagatggttccttgcagggaatgctgcgggtcgccaatttaccgtttgtaggttctgatgttctggcttcagcagcctgtatggacaaagatgtcaccaaacgtctgctacgcgatgccgggctgaacattgcgccatttattaccctgacgcgcgccaatcgtcacaacattagttttgccgaagtggagtctaaactggggttaccactgtttgtaaaaccggctaatcagggctcttctgttggtgtcagcaaagtaaccagtgaagaacagtacgcaattgccgtcgatctggcgttcgagttcgatcataaagtgatcgttgagcaagggatcaaaggtcgtgagatcgaatgcgcagttctgggcaacgacaatccgcaagccagcacctgtggagagatcgtactcaccagcgatttctatgcctacgacaccaagtacattgacgaagatggcgcgaaagtggtagttccggcagccattgcgccagaaatcaacgataagatccgggcgattgccgttcaggcttatcaaacgttgggatgcgcaggcatggcgcgtgtagacgtgtttttaaccccagagaacgaagtggtgatcaacgagatcaacaccctgcctggcttcactaatatcagtatgtatccgaagctgtggcaagccagcggtctgggttacaccgatctgatcacacgtttgattgaactggcgctggagcgtcacgctgcggataacgcattgaaaaccacaatggcggccgagaccgtagcc
ddlA_40L_CTT_52S_TCC,catcatggtctcctatggaaaaactgcgggtaggaatcgtttttggtggtaaatcagcggaacatgaagtgtctctgcaatcggcaaaaaacattgtcgatgccattgataaaagtcgcttcgacgttgtgcttctgggcattgataaacaagggcaatggcacgtctccgatgccagcaattatctgctaaatgcagacgatcctgcccatattgcgttgcgcccttcggcgaccagccttgcgcaggtgccaggtaaacatgagcatcagcttatcgacgcgcaaaacggtcagccgttgccgacggtggatgtcattttcccgattgtccacggtacgctgggcgaagatggttccttgcagggaatgctgcgggtcgccaatttaccgtttgtaggttctgatgttctggcttcagcagcctgtatggacaaagatgtcaccaaacgtctgctacgcgatgccgggctgaacattgcgccatttattaccctgacgcgcgccaatcgtcacaacattagttttgccgaagtggagtctaaactggggttaccactgtttgtaaaaccggctaatcagggctcttctgttggtgtcagcaaagtaaccagtgaagaacagtacgcaattgccgtcgatctggcgttcgagttcgatcataaagtgatcgttgagcaagggatcaaaggtcgtgagatcgaatgcgcagttctgggcaacgacaatccgcaagccagcacctgtggagagatcgtactcaccagcgatttctatgcctacgacaccaagtacattgacgaagatggcgcgaaagtggtagttccggcagccattgcgccagaaatcaacgataagatccgggcgattgccgttcaggcttatcaaacgttgggatgcgcaggcatggcgcgtgtagacgtgtttttaaccccagagaacgaagtggtgatcaacgagatcaacaccctgcctggcttcactaatatcagtatgtatccgaagctgtggcaagccagcggtctgggttacaccgatctgatcacacgtttgattgaactggcgctggagcgtcacgctgcggataacgcattgaaaaccacaatggcggccgagaccgtagcc
ddlA_40L_CTT_52S_TCA,catcatggtctcctatggaaaaactgcgggtaggaatcgtttttggtggtaaatcagcggaacatgaagtgtctctgcaatcggcaaaaaacattgtcgatgccattgataaaagtcgcttcgacgttgtgcttctgggcattgataaacaagggcaatggcacgtctcagatgccagcaattatctgctaaatgcagacgatcctgcccatattgcgttgcgcccttcggcgaccagccttgcgcaggtgccaggtaaacatgagcatcagcttatcgacgcgcaaaacggtcagccgttgccgacggtggatgtcattttcccgattgtccacggtacgctgggcgaagatggttccttgcagggaatgctgcgggtcgccaatttaccgtttgtaggttctgatgttctggcttcagcagcctgtatggacaaagatgtcaccaaacgtctgctacgcgatgccgggctgaacattgcgccatttattaccctgacgcgcgccaatcgtcacaacattagttttgccgaagtggagtctaaactggggttaccactgtttgtaaaaccggctaatcagggctcttctgttggtgtcagcaaagtaaccagtgaagaacagtacgcaattgccgtcgatctggcgttcgagttcgatcataaagtgatcgttgagcaagggatcaaaggtcgtgagatcgaatgcgcagttctgggcaacgacaatccgcaagccagcacctgtggagagatcgtactcaccagcgatttctatgcctacgacaccaagtacattgacgaagatggcgcgaaagtggtagttccggcagccattgcgccagaaatcaacgataagatccgggcgattgccgttcaggcttatcaaacgttgggatgcgcaggcatggcgcgtgtagacgtgtttttaaccccagagaacgaagtggtgatcaacgagatcaacaccctgcctggcttcactaatatcagtatgtatccgaagctgtggcaagccagcggtctgggttacaccgatctgatcacacgtttgattgaactggcgctggagcgtcacgctgcggataacgcattgaaaaccacaatggcggccgagaccgtagcc
ddlA_40L_CTT_52S_TCG,catcatggtctcctatggaaaaactgcgggtaggaatcgtttttggtggtaaatcagcggaacatgaagtgtctctgcaatcggcaaaaaacattgtcgatgccattgataaaagtcgcttcgacgttgtgcttctgggcattgataaacaagggcaatggcacgtctcggatgccagcaattatctgctaaatgcagacgatcctgcccatattgcgttgcgcccttcggcgaccagccttgcgcaggtgccaggtaaacatgagcatcagcttatcgacgcgcaaaacggtcagccgttgccgacggtggatgtcattttcccgattgtccacggtacgctgggcgaagatggttccttgcagggaatgctgcgggtcgccaatttaccgtttgtaggttctgatgttctggcttcagcagcctgtatggacaaagatgtcaccaaacgtctgctacgcgatgccgggctgaacattgcgccatttattaccctgacgcgcgccaatcgtcacaacattagttttgccgaagtggagtctaaactggggttaccactgtttgtaaaaccggctaatcagggctcttctgttggtgtcagcaaagtaaccagtgaagaacagtacgcaattgccgtcgatctggcgttcgagttcgatcataaagtgatcgttgagcaagggatcaaaggtcgtgagatcgaatgcgcagttctgggcaacgacaatccgcaagccagcacctgtggagagatcgtactcaccagcgatttctatgcctacgacaccaagtacattgacgaagatggcgcgaaagtggtagttccggcagccattgcgccagaaatcaacgataagatccgggcgattgccgttcaggcttatcaaacgttgggatgcgcaggcatggcgcgtgtagacgtgtttttaaccccagagaacgaagtggtgatcaacgagatcaacaccctgcctggcttcactaatatcagtatgtatccgaagctgtggcaagccagcggtctgggttacaccgatctgatcacacgtttgattgaactggcgctggagcgtcacgctgcggataacgcattgaaaaccacaatggcggccgagaccgtagcc
ddlA_40L_CTT_52S_AGT,catcatggtctcctatggaaaaactgcgggtaggaatcgtttttggtggtaaatcagcggaacatgaagtgtctctgcaatcggcaaaaaacattgtcgatgccattgataaaagtcgcttcgacgttgtgcttctgggcattgataaacaagggcaatggcacgtcagtgatgccagcaattatctgctaaatgcagacgatcctgcccatattgcgttgcgcccttcggcgaccagccttgcgcaggtgccaggtaaacatgagcatcagcttatcgacgcgcaaaacggtcagccgttgccgacggtggatgtcattttcccgattgtccacggtacgctgggcgaagatggttccttgcagggaatgctgcgggtcgccaatttaccgtttgtaggttctgatgttctggcttcagcagcctgtatggacaaagatgtcaccaaacgtctgctacgcgatgccgggctgaacattgcgccatttattaccctgacgcgcgccaatcgtcacaacattagttttgccgaagtggagtctaaactggggttaccactgtttgtaaaaccggctaatcagggctcttctgttggtgtcagcaaagtaaccagtgaagaacagtacgcaattgccgtcgatctggcgttcgagttcgatcataaagtgatcgttgagcaagggatcaaaggtcgtgagatcgaatgcgcagttctgggcaacgacaatccgcaagccagcacctgtggagagatcgtactcaccagcgatttctatgcctacgacaccaagtacattgacgaagatggcgcgaaagtggtagttccggcagccattgcgccagaaatcaacgataagatccgggcgattgccgttcaggcttatcaaacgttgggatgcgcaggcatggcgcgtgtagacgtgtttttaaccccagagaacgaagtggtgatcaacgagatcaacaccctgcctggcttcactaatatcagtatgtatccgaagctgtggcaagccagcggtctgggttacaccgatctgatcacacgtttgattgaactggcgctggagcgtcacgctgcggataacgcattgaaaaccacaatggcggccgagaccgtagcc
ddlA_40L_CTC_52S_TCT,catcatggtctcctatggaaaaactgcgggtaggaatcgtttttggtggtaaatcagcggaacatgaagtgtctctgcaatcggcaaaaaacattgtcgatgccattgataaaagtcgcttcgacgttgtgctcctgggcattgataaacaagggcaatggcacgtctctgatgccagcaattatctgctaaatgcagacgatcctgcccatattgcgttgcgcccttcggcgaccagccttgcgcaggtgccaggtaaacatgagcatcagcttatcgacgcgcaaaacggtcagccgttgccgacggtggatgtcattttcccgattgtccacggtacgctgggcgaagatggttccttgcagggaatgctgcgggtcgccaatttaccgtttgtaggttctgatgttctggcttcagcagcctgtatggacaaagatgtcaccaaacgtctgctacgcgatgccgggctgaacattgcgccatttattaccctgacgcgcgccaatcgtcacaacattagttttgccgaagtggagtctaaactggggttaccactgtttgtaaaaccggctaatcagggctcttctgttggtgtcagcaaagtaaccagtgaagaacagtacgcaattgccgtcgatctggcgttcgagttcgatcataaagtgatcgttgagcaagggatcaaaggtcgtgagatcgaatgcgcagttctgggcaacgacaatccgcaagccagcacctgtggagagatcgtactcaccagcgatttctatgcctacgacaccaagtacattgacgaagatggcgcgaaagtggtagttccggcagccattgcgccagaaatcaacgataagatccgggcgattgccgttcaggcttatcaaacgttgggatgcgcaggcatggcgcgtgtagacgtgtttttaaccccagagaacgaagtggtgatcaacgagatcaacaccctgcctggcttcactaatatcagtatgtatccgaagctgtggcaagccagcggtctgggttacaccgatctgatcacacgtttgattgaactggcgctggagcgtcacgctgcggataacgcattgaaaaccacaatggcggccgagaccgtagcc
ddlA_40L_CTC_52S_TCC,catcatggtctcctatggaaaaactgcgggtaggaatcgtttttggtggtaaatcagcggaacatgaagtgtctctgcaatcggcaaaaaacattgtcgatgccattgataaaagtcgcttcgacgttgtgctcctgggcattgataaacaagggcaatggcacgtctccgatgccagcaattatctgctaaatgcagacgatcctgcccatattgcgttgcgcccttcggcgaccagccttgcgcaggtgccaggtaaacatgagcatcagcttatcgacgcgcaaaacggtcagccgttgccgacggtggatgtcattttcccgattgtccacggtacgctgggcgaagatggttccttgcagggaatgctgcgggtcgccaatttaccgtttgtaggttctgatgttctggcttcagcagcctgtatggacaaagatgtcaccaaacgtctgctacgcgatgccgggctgaacattgcgccatttattaccctgacgcgcgccaatcgtcacaacattagttttgccgaagtggagtctaaactggggttaccactgtttgtaaaaccggctaatcagggctcttctgttggtgtcagcaaagtaaccagtgaagaacagtacgcaattgccgtcgatctggcgttcgagttcgatcataaagtgatcgttgagcaagggatcaaaggtcgtgagatcgaatgcgcagttctgggcaacgacaatccgcaagccagcacctgtggagagatcgtactcaccagcgatttctatgcctacgacaccaagtacattgacgaagatggcgcgaaagtggtagttccggcagccattgcgccagaaatcaacgataagatccgggcgattgccgttcaggcttatcaaacgttgggatgcgcaggcatggcgcgtgtagacgtgtttttaaccccagagaacgaagtggtgatcaacgagatcaacaccctgcctggcttcactaatatcagtatgtatccgaagctgtggcaagccagcggtctgggttacaccgatctgatcacacgtttgattgaactggcgctggagcgtcacgctgcggataacgcattgaaaaccacaatggcggccgagaccgtagcc
ddlA_40L_CTC_52S_TCA,catcatggtctcctatggaaaaactgcgggtaggaatcgtttttggtggtaaatcagcggaacatgaagtgtctctgcaatcggcaaaaaacattgtcgatgccattgataaaagtcgcttcgacgttgtgctcctgggcattgataaacaagggcaatggcacgtctcagatgccagcaattatctgctaaatgcagacgatcctgcccatattgcgttgcgcccttcggcgaccagccttgcgcaggtgccaggtaaacatgagcatcagcttatcgacgcgcaaaacggtcagccgttgccgacggtggatgtcattttcccgattgtccacggtacgctgggcgaagatggttccttgcagggaatgctgcgggtcgccaatttaccgtttgtaggttctgatgttctggcttcagcagcctgtatggacaaagatgtcaccaaacgtctgctacgcgatgccgggctgaacattgcgccatttattaccctgacgcgcgccaatcgtcacaacattagttttgccgaagtggagtctaaactggggttaccactgtttgtaaaaccggctaatcagggctcttctgttggtgtcagcaaagtaaccagtgaagaacagtacgcaattgccgtcgatctggcgttcgagttcgatcataaagtgatcgttgagcaagggatcaaaggtcgtgagatcgaatgcgcagttctgggcaacgacaatccgcaagccagcacctgtggagagatcgtactcaccagcgatttctatgcctacgacaccaagtacattgacgaagatggcgcgaaagtggtagttccggcagccattgcgccagaaatcaacgataagatccgggcgattgccgttcaggcttatcaaacgttgggatgcgcaggcatggcgcgtgtagacgtgtttttaaccccagagaacgaagtggtgatcaacgagatcaacaccctgcctggcttcactaatatcagtatgtatccgaagctgtggcaagccagcggtctgggttacaccgatctgatcacacgtttgattgaactggcgctggagcgtcacgctgcggataacgcattgaaaaccacaatggcggccgagaccgtagcc
ddlA_40L_CTC_52S_TCG,catcatggtctcctatggaaaaactgcgggtaggaatcgtttttggtggtaaatcagcggaacatgaagtgtctctgcaatcggcaaaaaacattgtcgatgccattgataaaagtcgcttcgacgttgtgctcctgggcattgataaacaagggcaatggcacgtctcggatgccagcaattatctgctaaatgcagacgatcctgcccatattgcgttgcgcccttcggcgaccagccttgcgcaggtgccaggtaaacatgagcatcagcttatcgacgcgcaaaacggtcagccgttgccgacggtggatgtcattttcccgattgtccacggtacgctgggcgaagatggttccttgcagggaatgctgcgggtcgccaatttaccgtttgtaggttctgatgttctggcttcagcagcctgtatggacaaagatgtcaccaaacgtctgctacgcgatgccgggctgaacattgcgccatttattaccctgacgcgcgccaatcgtcacaacattagttttgccgaagtggagtctaaactggggttaccactgtttgtaaaaccggctaatcagggctcttctgttggtgtcagcaaagtaaccagtgaagaacagtacgcaattgccgtcgatctggcgttcgagttcgatcataaagtgatcgttgagcaagggatcaaaggtcgtgagatcgaatgcgcagttctgggcaacgacaatccgcaagccagcacctgtggagagatcgtactcaccagcgatttctatgcctacgacaccaagtacattgacgaagatggcgcgaaagtggtagttccggcagccattgcgccagaaatcaacgataagatccgggcgattgccgttcaggcttatcaaacgttgggatgcgcaggcatggcgcgtgtagacgtgtttttaaccccagagaacgaagtggtgatcaacgagatcaacaccctgcctggcttcactaatatcagtatgtatccgaagctgtggcaagccagcggtctgggttacaccgatctgatcacacgtttgattgaactggcgctggagcgtcacgctgcggataacgcattgaaaaccacaatggcggccgagaccgtagcc
ddlA_40L_CTC_52S_AGT,catcatggtctcctatggaaaaactgcgggtaggaatcgtttttggtggtaaatcagcggaacatgaagtgtctctgcaatcggcaaaaaacattgtcgatgccattgataaaagtcgcttcgacgttgtgctcctgggcattgataaacaagggcaatggcacgtcagtgatgccagcaattatctgctaaatgcagacgatcctgcccatattgcgttgcgcccttcggcgaccagccttgcgcaggtgccaggtaaacatgagcatcagcttatcgacgcgcaaaacggtcagccgttgccgacggtggatgtcattttcccgattgtccacggtacgctgggcgaagatggttccttgcagggaatgctgcgggtcgccaatttaccgtttgtaggttctgatgttctggcttcagcagcctgtatggacaaagatgtcaccaaacgtctgctacgcgatgccgggctgaacattgcgccatttattaccctgacgcgcgccaatcgtcacaacattagttttgccgaagtggagtctaaactggggttaccactgtttgtaaaaccggctaatcagggctcttctgttggtgtcagcaaagtaaccagtgaagaacagtacgcaattgccgtcgatctggcgttcgagttcgatcataaagtgatcgttgagcaagggatcaaaggtcgtgagatcgaatgcgcagttctgggcaacgacaatccgcaagccagcacctgtggagagatcgtactcaccagcgatttctatgcctacgacaccaagtacattgacgaagatggcgcgaaagtggtagttccggcagccattgcgccagaaatcaacgataagatccgggcgattgccgttcaggcttatcaaacgttgggatgcgcaggcatggcgcgtgtagacgtgtttttaaccccagagaacgaagtggtgatcaacgagatcaacaccctgcctggcttcactaatatcagtatgtatccgaagctgtggcaagccagcggtctgggttacaccgatctgatcacacgtttgattgaactggcgctggagcgtcacgctgcggataacgcattgaaaaccacaatggcggccgagaccgtagcc
ddlA_40L_CTA_52S_TCT,catcatggtctcctatggaaaaactgcgggtaggaatcgtttttggtggtaaatcagcggaacatgaagtgtctctgcaatcggcaaaaaacattgtcgatgccattgataaaagtcgcttcgacgttgtgctactgggcattgataaacaagggcaatggcacgtctctgatgccagcaattatctgctaaatgcagacgatcctgcccatattgcgttgcgcccttcggcgaccagccttgcgcaggtgccaggtaaacatgagcatcagcttatcgacgcgcaaaacggtcagccgttgccgacggtggatgtcattttcccgattgtccacggtacgctgggcgaagatggttccttgcagggaatgctgcgggtcgccaatttaccgtttgtaggttctgatgttctggcttcagcagcctgtatggacaaagatgtcaccaaacgtctgctacgcgatgccgggctgaacattgcgccatttattaccctgacgcgcgccaatcgtcacaacattagttttgccgaagtggagtctaaactggggttaccactgtttgtaaaaccggctaatcagggctcttctgttggtgtcagcaaagtaaccagtgaagaacagtacgcaattgccgtcgatctggcgttcgagttcgatcataaagtgatcgttgagcaagggatcaaaggtcgtgagatcgaatgcgcagttctgggcaacgacaatccgcaagccagcacctgtggagagatcgtactcaccagcgatttctatgcctacgacaccaagtacattgacgaagatggcgcgaaagtggtagttccggcagccattgcgccagaaatcaacgataagatccgggcgattgccgttcaggcttatcaaacgttgggatgcgcaggcatggcgcgtgtagacgtgtttttaaccccagagaacgaagtggtgatcaacgagatcaacaccctgcctggcttcactaatatcagtatgtatccgaagctgtggcaagccagcggtctgggttacaccgatctgatcacacgtttgattgaactggcgctggagcgtcacgctgcggataacgcattgaaaaccacaatggcggccgagaccgtagcc
ddlA_40L_CTA_52S_TCC,catcatggtctcctatggaaaaactgcgggtaggaatcgtttttggtggtaaatcagcggaacatgaagtgtctctgcaatcggcaaaaaacattgtcgatgccattgataaaagtcgcttcgacgttgtgctactgggcattgataaacaagggcaatggcacgtctccgatgccagcaattatctgctaaatgcagacgatcctgcccatattgcgttgcgcccttcggcgaccagccttgcgcaggtgccaggtaaacatgagcatcagcttatcgacgcgcaaaacggtcagccgttgccgacggtggatgtcattttcccgattgtccacggtacgctgggcgaagatggttccttgcagggaatgctgcgggtcgccaatttaccgtttgtaggttctgatgttctggcttcagcagcctgtatggacaaagatgtcaccaaacgtctgctacgcgatgccgggctgaacattgcgccatttattaccctgacgcgcgccaatcgtcacaacattagttttgccgaagtggagtctaaactggggttaccactgtttgtaaaaccggctaatcagggctcttctgttggtgtcagcaaagtaaccagtgaagaacagtacgcaattgccgtcgatctggcgttcgagttcgatcataaagtgatcgttgagcaagggatcaaaggtcgtgagatcgaatgcgcagttctgggcaacgacaatccgcaagccagcacctgtggagagatcgtactcaccagcgatttctatgcctacgacaccaagtacattgacgaagatggcgcgaaagtggtagttccggcagccattgcgccagaaatcaacgataagatccgggcgattgccgttcaggcttatcaaacgttgggatgcgcaggcatggcgcgtgtagacgtgtttttaaccccagagaacgaagtggtgatcaacgagatcaacaccctgcctggcttcactaatatcagtatgtatccgaagctgtggcaagccagcggtctgggttacaccgatctgatcacacgtttgattgaactggcgctggagcgtcacgctgcggataacgcattgaaaaccacaatggcggccgagaccgtagcc
ddlA_40L_CTA_52S_TCA,catcatggtctcctatggaaaaactgcgggtaggaatcgtttttggtggtaaatcagcggaacatgaagtgtctctgcaatcggcaaaaaacattgtcgatgccattgataaaagtcgcttcgacgttgtgctactgggcattgataaacaagggcaatggcacgtctcagatgccagcaattatctgctaaatgcagacgatcctgcccatattgcgttgcgcccttcggcgaccagccttgcgcaggtgccaggtaaacatgagcatcagcttatcgacgcgcaaaacggtcagccgttgccgacggtggatgtcattttcccgattgtccacggtacgctgggcgaagatggttccttgcagggaatgctgcgggtcgccaatttaccgtttgtaggttctgatgttctggcttcagcagcctgtatggacaaagatgtcaccaaacgtctgctacgcgatgccgggctgaacattgcgccatttattaccctgacgcgcgccaatcgtcacaacattagttttgccgaagtggagtctaaactggggttaccactgtttgtaaaaccggctaatcagggctcttctgttggtgtcagcaaagtaaccagtgaagaacagtacgcaattgccgtcgatctggcgttcgagttcgatcataaagtgatcgttgagcaagggatcaaaggtcgtgagatcgaatgcgcagttctgggcaacgacaatccgcaagccagcacctgtggagagatcgtactcaccagcgatttctatgcctacgacaccaagtacattgacgaagatggcgcgaaagtggtagttccggcagccattgcgccagaaatcaacgataagatccgggcgattgccgttcaggcttatcaaacgttgggatgcgcaggcatggcgcgtgtagacgtgtttttaaccccagagaacgaagtggtgatcaacgagatcaacaccctgcctggcttcactaatatcagtatgtatccgaagctgtggcaagccagcggtctgggttacaccgatctgatcacacgtttgattgaactggcgctggagcgtcacgctgcggataacgcattgaaaaccacaatggcggccgagaccgtagcc
ddlA_40L_CTA_52S_TCG,catcatggtctcctatggaaaaactgcgggtaggaatcgtttttggtggtaaatcagcggaacatgaagtgtctctgcaatcggcaaaaaacattgtcgatgccattgataaaagtcgcttcgacgttgtgctactgggcattgataaacaagggcaatggcacgtctcggatgccagcaattatctgctaaatgcagacgatcctgcccatattgcgttgcgcccttcggcgaccagccttgcgcaggtgccaggtaaacatgagcatcagcttatcgacgcgcaaaacggtcagccgttgccgacggtggatgtcattttcccgattgtccacggtacgctgggcgaagatggttccttgcagggaatgctgcgggtcgccaatttaccgtttgtaggttctgatgttctggcttcagcagcctgtatggacaaagatgtcaccaaacgtctgctacgcgatgccgggctgaacattgcgccatttattaccctgacgcgcgccaatcgtcacaacattagttttgccgaagtggagtctaaactggggttaccactgtttgtaaaaccggctaatcagggctcttctgttggtgtcagcaaagtaaccagtgaagaacagtacgcaattgccgtcgatctggcgttcgagttcgatcataaagtgatcgttgagcaagggatcaaaggtcgtgagatcgaatgcgcagttctgggcaacgacaatccgcaagccagcacctgtggagagatcgtactcaccagcgatttctatgcctacgacaccaagtacattgacgaagatggcgcgaaagtggtagttccggcagccattgcgccagaaatcaacgataagatccgggcgattgccgttcaggcttatcaaacgttgggatgcgcaggcatggcgcgtgtagacgtgtttttaaccccagagaacgaagtggtgatcaacgagatcaacaccctgcctggcttcactaatatcagtatgtatccgaagctgtggcaagccagcggtctgggttacaccgatctgatcacacgtttgattgaactggcgctggagcgtcacgctgcggataacgcattgaaaaccacaatggcggccgagaccgtagcc
ddlA_40L_CTA_52S_AGT,catcatggtctcctatggaaaaactgcgggtaggaatcgtttttggtggtaaatcagcggaacatgaagtgtctctgcaatcggcaaaaaacattgtcgatgccattgataaaagtcgcttcgacgttgtgctactgggcattgataaacaagggcaatggcacgtcagtgatgccagcaattatctgctaaatgcagacgatcctgcccatattgcgttgcgcccttcggcgaccagccttgcgcaggtgccaggtaaacatgagcatcagcttatcgacgcgcaaaacggtcagccgttgccgacggtggatgtcattttcccgattgtccacggtacgctgggcgaagatggttccttgcagggaatgctgcgggtcgccaatttaccgtttgtaggttctgatgttctggcttcagcagcctgtatggacaaagatgtcaccaaacgtctgctacgcgatgccgggctgaacattgcgccatttattaccctgacgcgcgccaatcgtcacaacattagttttgccgaagtggagtctaaactggggttaccactgtttgtaaaaccggctaatcagggctcttctgttggtgtcagcaaagtaaccagtgaagaacagtacgcaattgccgtcgatctggcgttcgagttcgatcataaagtgatcgttgagcaagggatcaaaggtcgtgagatcgaatgcgcagttctgggcaacgacaatccgcaagccagcacctgtggagagatcgtactcaccagcgatttctatgcctacgacaccaagtacattgacgaagatggcgcgaaagtggtagttccggcagccattgcgccagaaatcaacgataagatccgggcgattgccgttcaggcttatcaaacgttgggatgcgcaggcatggcgcgtgtagacgtgtttttaaccccagagaacgaagtggtgatcaacgagatcaacaccctgcctggcttcactaatatcagtatgtatccgaagctgtggcaagccagcggtctgggttacaccgatctgatcacacgtttgattgaactggcgctggagcgtcacgctgcggataacgcattgaaaaccacaatggcggccgagaccgtagcc
