Plate Name,Payment Method,Plate Barcode,Sales Order #,Reference #,Well Position,Sequence Name,Sequence,Manufacturing ID,Measured Molecular Weight,Calculated Molecular Weight,OD260,nmoles,ug,Measured Concentration uM ,Final Volume uL ,Extinction Coefficient L/(moleï¿½cm),Tm,Well Barcode
Sheet1,250513_01,20031655,21302659,512405612,A08,Fw_Frag_gg_2_40L_wt_52S_AGT,CAT CAT GGT CTC TGA TAA ACA AGG GCA ATG GCA CGT CAG TGA TGC CAG CAA TTA TC,384729412,17258,17256,3.27,5.98,103,0,0,547600,69,
Sheet1,250513_01,20031655,21302659,512405615,A11,Rv_Frag_gg_1_40L_TTG_52S_wt,CAT CAT GGT CTC ATA TCA ATG CCC AGC AAC ACA ACG TCG AAG CG,384729415,13439.5,13439,9.03,21.23,285,0,0,425300,68,
Sheet1,250513_01,20031655,21302659,512405624,B08,Fw_Frag_gg_2_40L_wt_52S_TCT,CAT CAT GGT CTC TGA TAA ACA AGG GCA ATG GCA CGT CTC TGA TGC CAG CAA TTA TC,384729424,17208.7,17207,4.16,7.72,133,0,0,538800,69,
Sheet1,250513_01,20031655,21302659,512405635,C08,Fw_Frag_gg_2_40L_wt_52S_TCA,CAT CAT GGT CTC TGA TAA ACA AGG GCA ATG GCA CGT CTC AGA TGC CAG CAA TTA TC,384738199,17213.5,17216,13.01,23.91,412,0,0,544100,69,
Sheet1,250513_01,20031655,21302659,512405645,D08,Fw_Frag_gg_2_40L_wt_52S_TCC,CAT CAT GGT CTC TGA TAA ACA AGG GCA ATG GCA CGT CTC CGA TGC CAG CAA TTA TC,384729445,17193.9,17192,3.75,6.96,120,0,0,538500,69,
Sheet1,250513_01,20031655,21302659,512405655,E08,Fw_Frag_gg_2_40L_wt_52S_TCG,CAT CAT GGT CTC TGA TAA ACA AGG GCA ATG GCA CGT CTC GGA TGC CAG CAA TTA TC,384729455,17233.7,17232,3.02,5.59,96,0,0,541400,69,
Sheet1,250513_01,20031655,21302659,512405656,E10,Rv_Frag_gg_1_40L_CTA_52S_wt,CAT CAT GGT CTC ATA TCA ATG CCC AGT AGC ACA ACG TCG AAG CG,384729456,13470.6,13470,8.27,19.39,261,0,0,426500,68,
Sheet1,250513_01,20031655,21302659,512405666,F10,Rv_Frag_gg_1_40L_CTT_52S_wt,CAT CAT GGT CTC ATA TCA ATG CCC AGA AGC ACA ACG TCG AAG CG,384738219,13476.7,13479,8.39,19.55,264,0,0,429000,68,
Sheet1,250513_01,20031655,21302659,512405677,G10,Rv_Frag_gg_1_40L_CTC_52S_wt,CAT CAT GGT CTC ATA TCA ATG CCC AGG AGC ACA ACG TCG AAG CG,384738237,13492.5,13495,9.65,22.61,305,0,0,427100,69,
Sheet1,250513_01,20031655,21302659,512405687,H10,Rv_Frag_gg_1_40L_TTA_52S_wt,CAT CAT GGT CTC ATA TCA ATG CCC AGT AAC ACA ACG TCG AAG CG,384738253,13452,13454,8.12,18.94,255,0,0,428600,67,